Employee ID,Name
E001,Emily Lee
E002,John Moore
E003,Jane Davis
E004,Rachel Martinez
E005,John Thomas
E006,Peter Garcia
E007,Peter Martinez
E008,Laura Rodriguez
E009,Laura Perez
E010,Jane Walker
E011,Lisa Smith
E012,John Johnson
E013,John Anderson
E014,Chris Garcia
E015,Sophia Anderson
E016,Sophia Lee
E017,Sarah Smith
E018,Sophia Garcia
E019,Peter Johnson
E020,Sophia Martin
E021,Chris Clark
E022,Daniel Rodriguez
E023,Peter Anderson
E024,Sarah Wilson
E025,David Thomas
E026,Lisa Miller
E027,David Taylor
E028,Sarah Perez
E029,John Rodriguez
E030,Luke Martinez
E031,Olivia Jones
E032,Luke Brown
E033,James Rodriguez
E034,Peter Thomas
E035,Chris Brown
E036,Anna Jones
E037,Kevin Moore
E038,Olivia Walker
E039,Luke Thomas
E040,Peter Lee
E041,Kevin Williams
E042,Chris Lee
E043,Sarah Brown
E044,Kevin Brown
E045,Laura Garcia
E046,Sophia Anderson
E047,Daniel Thomas
E048,John Smith
E049,Sophia Walker
E050,Sarah Taylor
E051,Daniel Moore
E052,Mark Thomas
E053,Sophia Smith
E054,Michael Davis
E055,Laura Lee
E056,John Wilson
E057,Olivia Moore
E058,Laura Miller
E059,John Taylor
E060,James Miller
E061,David Anderson
E062,Michael Williams
E063,Sophia Thomas
E064,Rachel Brown
E065,Sophia Taylor
E066,Olivia Johnson
E067,Mark Walker
E068,Chris Moore
E069,Emma Walker
E070,James Garcia
E071,Luke Martinez
E072,Emma Williams
E073,Olivia Perez
E074,Mark Thomas
E075,Anna Williams
E076,Kevin Wilson
E077,James Rodriguez
E078,Olivia Garcia
E079,Emily Moore
E080,John Perez
E081,Sophia Perez
E082,Chris Wilson
E083,Mark Smith
E084,Anna Miller
E085,Emily Miller
E086,Mark Walker
E087,Olivia Lee
E088,David Brown
E089,Anna Johnson
E090,Kevin Smith
E091,Luke Walker
E092,Emma Rodriguez
E093,Jane Moore
E094,Sophia Johnson
E095,Olivia Jones
E096,David Taylor
E097,Daniel Martinez
E098,Jane Martinez
E099,Chris Lee
E100,Sophia Brown
E101,John Walker
E102,Olivia Miller
E103,Mark Martinez
E104,Emily Clark
E105,Kevin Perez
E106,Laura Wilson
E107,Emily Perez
E108,Chris Taylor
E109,Sophia Miller
E110,Michael Garcia
E111,Olivia Jones
E112,Jane Miller
E113,Kevin Martin
E114,Chris Smith
E115,Olivia Davis
E116,Jane Johnson
E117,Peter Moore
E118,Kevin Wilson
E119,Jane Davis
E120,Chris Taylor
E121,Anna Smith
E122,Chris Walker
E123,Rachel Thomas
E124,John Rodriguez
E125,Emma Jones
E126,Daniel Wilson
E127,Laura Clark
E128,Kevin Walker
E129,Michael Thomas
E130,Lisa Jones
E131,Jane Williams
E132,Sarah Moore
E133,Lisa Garcia
E134,Rachel Thomas
E135,Lisa Miller
E136,Rachel Brown
E137,Sarah Walker
E138,Lisa Jones
E139,Laura Anderson
E140,Mark Smith
E141,Olivia Davis
E142,Sarah Lee
E143,Luke Thomas
E144,Rachel Miller
E145,Chris Martin
E146,Sarah Smith
E147,Emily Brown
E148,Rachel Moore
E149,Anna Rodriguez
E150,Olivia Moore
E151,Kevin Moore
E152,Emily Anderson
E153,Lisa Martinez
E154,Lisa Walker
E155,Kevin Miller
E156,John Miller
E157,Mark Johnson
E158,Sophia Moore
E159,Emma Anderson
E160,David Johnson
E161,Mark Jones
E162,Daniel Smith
E163,Kevin Perez
E164,Sarah Thomas
E165,Jane Lee
E166,Rachel Anderson
E167,Daniel Davis
E168,Sophia Perez
E169,Jane Garcia
E170,Rachel Wilson
E171,Daniel Brown
E172,David Miller
E173,David Williams
E174,James Anderson
E175,Laura Wilson
E176,Mark Rodriguez
E177,Emma Brown
E178,John Johnson
E179,Sophia Perez
E180,Michael Martinez
E181,David Anderson
E182,Olivia Smith
E183,Chris Miller
E184,Emma Moore
E185,Daniel Miller
E186,Sarah Walker
E187,Laura Thomas
E188,Chris Jones
E189,Mark Walker
E190,Jane Thomas
E191,Emily Walker
E192,Anna Garcia
E193,John Taylor
E194,Mark Walker
E195,Sophia Johnson
E196,Sarah Clark
E197,Lisa Miller
E198,Michael Martinez
E199,Sarah Taylor
E200,Luke Johnson
E201,Michael Martin
E202,Kevin Davis
E203,Michael Walker
E204,Laura Wilson
E205,Emma Moore
E206,Daniel Martin
E207,James Miller
E208,Mark Davis
E209,Chris Rodriguez
E210,Anna Martinez
E211,Chris Martin
E212,Emma Martinez
E213,Anna Walker
E214,Michael Smith
E215,Peter Smith
E216,Jane Martinez
E217,James Perez
E218,Lisa Anderson
E219,Rachel Miller
E220,Rachel Jones
E221,Emma Wilson
E222,Daniel Smith
E223,John Perez
E224,Chris Johnson
E225,Daniel Jones
E226,Rachel Williams
E227,Sophia Clark
E228,Laura Brown
E229,Kevin Lee
E230,Rachel Walker
E231,Anna Davis
E232,Mark Lee
E233,Mark Taylor
E234,David Moore
E235,Rachel Davis
E236,Rachel Lee
E237,Chris Lee
E238,Sophia Brown
E239,Rachel Anderson
E240,Olivia Martin
E241,Anna Wilson
E242,Rachel Smith
E243,Laura Perez
E244,Daniel Garcia
E245,Olivia Davis
E246,Sophia Perez
E247,Laura Johnson
E248,Jane Lee
E249,Jane Taylor
E250,Rachel Davis
E251,Daniel Smith
E252,Mark Rodriguez
E253,Sophia Davis
E254,Anna Taylor
E255,Sophia Clark
E256,Olivia Wilson
E257,Emma Walker
E258,Chris Johnson
E259,James Clark
E260,Rachel Perez
E261,James Jones
E262,Emma Wilson
E263,John Davis
E264,Chris Walker
E265,Sophia Brown
E266,Luke Perez
E267,Emily Taylor
E268,Chris Lee
E269,Sarah Anderson
E270,David Davis
E271,Jane Miller
E272,Sarah Smith
E273,Chris Martinez
E274,Sophia Brown
E275,Chris Taylor
E276,Rachel Martinez
E277,Chris Wilson
E278,Sophia Wilson
E279,Mark Clark
E280,Rachel Jones
E281,David Lee
E282,Luke Walker
E283,Sophia Walker
E284,Anna Perez
E285,Mark Davis
E286,Rachel Anderson
E287,Michael Moore
E288,Lisa Jones
E289,Luke Johnson
E290,Chris Brown
E291,Daniel Garcia
E292,Emily Brown
E293,Michael Jones
E294,Sarah Anderson
E295,Jane Smith
E296,Emma Lee
E297,Michael Martin
E298,Anna Wilson
E299,Olivia Anderson
E300,Mark Taylor
E301,Sarah Jones
E302,Sophia Brown
E303,Mark Wilson
E304,John Miller
E305,Emily Moore
E306,Olivia Clark
E307,Chris Martinez
E308,Luke Taylor
E309,Peter Rodriguez
E310,Daniel Miller
E311,Kevin Brown
E312,Anna Moore
E313,Mark Johnson
E314,Chris Davis
E315,Emily Thomas
E316,Michael Thomas
E317,Emma Jones
E318,Sophia Rodriguez
E319,Lisa Jones
E320,Mark Wilson
E321,Chris Smith
E322,Mark Walker
E323,Daniel Anderson
E324,Luke Miller
E325,Luke Anderson
E326,Anna Clark
E327,Luke Moore
E328,James Rodriguez
E329,Kevin Wilson
E330,Jane Wilson
E331,John Davis
E332,John Martinez
E333,Luke Anderson
E334,Anna Wilson
E335,Sarah Wilson
E336,Lisa Perez
E337,Kevin Smith
E338,Peter Williams
E339,Luke Johnson
E340,David Jones
E341,Lisa Brown
E342,Mark Brown
E343,Rachel Smith
E344,James Walker
E345,Sophia Wilson
E346,Laura Johnson
E347,Chris Martinez
E348,Sophia Brown
E349,Emily Lee
E350,Lisa Rodriguez
E351,Laura Smith
E352,Emma Rodriguez
E353,Chris Johnson
E354,James Jones
E355,David Wilson
E356,Emma Smith
E357,Emily Brown
E358,Mark Williams
E359,Luke Taylor
E360,James Walker
E361,Jane Walker
E362,Kevin Moore
E363,Daniel Martinez
E364,Michael Garcia
E365,Jane Miller
E366,Luke Martin
E367,Laura Johnson
E368,David Miller
E369,Anna Rodriguez
E370,Anna Moore
E371,Jane Moore
E372,John Smith
E373,Sophia Martin
E374,Chris Johnson
E375,Emma Taylor
E376,Mark Lee
E377,Kevin Walker
E378,Sarah Jones
E379,Chris Rodriguez
E380,Jane Clark
E381,Daniel Garcia
E382,Lisa Moore
E383,Daniel Smith
E384,James Davis
E385,Mark Walker
E386,Kevin Lee
E387,Emma Brown
E388,Lisa Garcia
E389,Lisa Clark
E390,Chris Johnson
E391,Emily Miller
E392,Olivia Moore
E393,Sarah Rodriguez
E394,Olivia Johnson
E395,Chris Brown
E396,Rachel Brown
E397,David Perez
E398,Kevin Johnson
E399,Laura Taylor
E400,Michael Clark
E401,Emily Wilson
E402,Sarah Thomas
E403,Emma Thomas
E404,Kevin Smith
E405,Jane Clark
E406,Olivia Wilson
E407,Sophia Clark
E408,Sarah Johnson
E409,Jane Garcia
E410,Mark Thomas
E411,Sophia Davis
E412,Emma Jones
E413,Emily Brown
E414,Lisa Taylor
E415,Michael Smith
E416,Peter Perez
E417,Emily Martin
E418,Michael Wilson
E419,Chris Smith
E420,David Smith
E421,Michael Garcia
E422,Michael Brown
E423,Peter Martin
E424,Anna Thomas
E425,Luke Smith
E426,Rachel Brown
E427,Luke Clark
E428,Emma Perez
E429,Chris Wilson
E430,David Williams
E431,James Johnson
E432,Sarah Martinez
E433,Peter Garcia
E434,Anna Walker
E435,David Johnson
E436,Mark Davis
E437,David Taylor
E438,Mark Anderson
E439,Kevin Clark
E440,Luke Garcia
E441,Emma Martin
E442,Michael Taylor
E443,Mark Miller
E444,Jane Garcia
E445,Sophia Anderson
E446,Luke Rodriguez
E447,James Martinez
E448,Olivia Miller
E449,Daniel Garcia
E450,Emily Taylor
E451,Luke Martin
E452,Anna Jones
E453,Michael Lee
E454,Sophia Rodriguez
E455,Anna Moore
E456,Laura Jones
E457,Chris Miller
E458,Jane Taylor
E459,Jane Clark
E460,David Martin
E461,Emily Lee
E462,Jane Johnson
E463,Sophia Davis
E464,Daniel Jones
E465,Luke Moore
E466,Jane Johnson
E467,Emily Johnson
E468,Laura Thomas
E469,Jane Thomas
E470,Sarah Williams
E471,Chris Miller
E472,Luke Williams
E473,Jane Miller
E474,Anna Davis
E475,Emma Walker
E476,Olivia Lee
E477,Lisa Walker
E478,Emma Martinez
E479,David Martinez
E480,John Johnson
E481,Peter Perez
E482,Olivia Martin
E483,David Walker
E484,Daniel Miller
E485,Rachel Clark
E486,Jane Thomas
E487,Sophia Wilson
E488,Daniel Wilson
E489,Rachel Smith
E490,Sarah Thomas
E491,Laura Williams
E492,Rachel Taylor
E493,Olivia Garcia
E494,Lisa Taylor
E495,Jane Rodriguez
E496,Laura Garcia
E497,Michael Martinez
E498,Anna Wilson
E499,Chris Lee
E500,Emma Taylor
E501,Sophia Moore
E502,Laura Taylor
E503,Michael Smith
E504,Emma Lee
E505,Kevin Miller
E506,Peter Jones
E507,Rachel Thomas
E508,James Williams
E509,Peter Moore
E510,Lisa Johnson
E511,Daniel Perez
E512,Peter Wilson
E513,Mark Brown
E514,Lisa Walker
E515,Sophia Thomas
E516,David Garcia
E517,Peter Davis
E518,James Thomas
E519,John Perez
E520,David Miller
E521,Sarah Moore
E522,Lisa Martin
E523,Sophia Jones
E524,Emma Martinez
E525,Rachel Clark
E526,Anna Martin
E527,David Garcia
E528,Kevin Williams
E529,Sophia Clark
E530,James Smith
E531,Chris Brown
E532,James Martin
E533,Michael Rodriguez
E534,James Martinez
E535,Emily Perez
E536,David Davis
E537,Michael Moore
E538,Emily Johnson
E539,Sarah Thomas
E540,Michael Taylor
E541,Luke Thomas
E542,John Brown
E543,Jane Jones
E544,David Johnson
E545,John Moore
E546,Anna Clark
E547,Anna Williams
E548,Rachel Brown
E549,John Thomas
E550,Rachel Martinez
E551,Peter Williams
E552,Emma Brown
E553,Anna Martin
E554,Emma Lee
E555,Daniel Martin
E556,Sophia Taylor
E557,Peter Jones
E558,Peter Miller
E559,Emma Jones
E560,Rachel Moore
E561,Michael Moore
E562,James Garcia
E563,James Jones
E564,Emma Martinez
E565,David Anderson
E566,Laura Wilson
E567,Peter Martin
E568,Luke Taylor
E569,Kevin Martin
E570,James Davis
E571,Emma Davis
E572,Kevin Davis
E573,John Martinez
E574,Rachel Lee
E575,Jane Martinez
E576,James Lee
E577,Daniel Walker
E578,Peter Lee
E579,Rachel Jones
E580,Emily Clark
E581,Luke Davis
E582,Emma Miller
E583,Laura Martin
E584,Luke Wilson
E585,David Lee
E586,David Anderson
E587,James Davis
E588,Anna Wilson
E589,Luke Taylor
E590,Michael Brown
E591,Anna Wilson
E592,Mark Walker
E593,Jane Perez
E594,John Martinez
E595,Kevin Smith
E596,David Brown
E597,Emily Davis
E598,David Johnson
E599,Anna Moore
E600,Anna Wilson
E601,Luke Martinez
E602,Sophia Garcia
E603,Emily Taylor
E604,Mark Williams
E605,James Rodriguez
E606,Emily Clark
E607,Olivia Martin
E608,Lisa Wilson
E609,Olivia Anderson
E610,Rachel Clark
E611,Mark Taylor
E612,Luke Davis
E613,David Martin
E614,Kevin Perez
E615,Daniel Taylor
E616,Sophia Miller
E617,John Miller
E618,Emily Davis
E619,Kevin Lee
E620,Peter Taylor
E621,Sophia Martinez
E622,Daniel Perez
E623,John Williams
E624,Emily Williams
E625,Michael Lee
E626,Peter Perez
E627,Laura Moore
E628,Jane Clark
E629,Olivia Walker
E630,Anna Davis
E631,Michael Lee
E632,Kevin Garcia
E633,Sarah Martinez
E634,Luke Martin
E635,Sarah Williams
E636,Olivia Clark
E637,Sarah Walker
E638,John Jones
E639,Kevin Clark
E640,Sarah Moore
E641,Emily Thomas
E642,Luke Taylor
E643,John Moore
E644,Michael Wilson
E645,Peter Taylor
E646,Emily Taylor
E647,Mark Jones
E648,Laura Williams
E649,Laura Moore
E650,Sophia Davis
E651,Laura Rodriguez
E652,Emma Moore
E653,John Thomas
E654,Chris Perez
E655,Kevin Smith
E656,Emma Smith
E657,Daniel Garcia
E658,Emily Martinez
E659,Sophia Moore
E660,Michael Brown
E661,Chris Anderson
E662,Mark Garcia
E663,Sophia Smith
E664,Sarah Taylor
E665,Emma Moore
E666,John Rodriguez
E667,Chris Garcia
E668,Emily Jones
E669,John Johnson
E670,Daniel Anderson
E671,Lisa Wilson
E672,Olivia Jones
E673,John Martin
E674,Sarah Clark
E675,Daniel Walker
E676,Sarah Johnson
E677,Michael Moore
E678,Chris Anderson
E679,Peter Thomas
E680,Lisa Martin
E681,Sarah Clark
E682,Chris Williams
E683,Chris Brown
E684,Emma Anderson
E685,Emma Walker
E686,Mark Thomas
E687,Peter Smith
E688,David Lee
E689,Emma Taylor
E690,James Taylor
E691,John Martinez
E692,Emma Williams
E693,Emily Lee
E694,Rachel Jones
E695,Anna Thomas
E696,Emma Anderson
E697,Emma Anderson
E698,Kevin Moore
E699,Sophia Perez
E700,Michael Clark
